,Date,Predicted_Open,Actual_Open,Predicted_Close,Actual_Close,Predicted_High,Actual_High,Predicted_Low,Actual_Low
0,2023-06-12,4288.125219726562,4308.31982421875,4289.98583984375,4338.93017578125,4303.691381835938,4340.1298828125,4278.092377929688,4304.3701171875
1,2023-06-13,4297.630268554688,4352.60986328125,4319.212026367188,4369.009765625,4326.5708203125,4375.3701171875,4291.17357421875,4349.31005859375
2,2023-06-14,4329.366181640625,4366.2900390625,4347.726362304687,4372.58984375,4353.70775390625,4391.81982421875,4326.933349609375,4337.85009765625
3,2023-06-15,4346.9755029296875,4365.330078125,4355.1431884765625,4425.83984375,4369.687875976563,4439.2001953125,4323.141367187501,4362.60009765625
4,2023-06-16,4349.120747070313,4440.9501953125,4391.730883789062,4409.58984375,4407.684521484375,4448.47021484375,4344.5020703125,4407.43994140625
5,2023-06-20,4408.08943359375,4396.10986328125,4386.7298828125,4388.7099609375,4422.070341796874,4400.14990234375,4377.7006640624995,4367.18994140625
6,2023-06-21,4381.272822265625,4380.009765625,4383.747343749999,4365.68994140625,4393.782041015625,4386.22021484375,4358.422465820312,4360.14013671875
7,2023-06-22,4376.924833984375,4355.39990234375,4369.782924804687,4381.89013671875,4386.949150390625,4382.25,4357.4733984375,4351.81982421875
8,2023-06-23,4363.500009765626,4354.169921875,4377.522368164063,4348.330078125,4384.969028320313,4366.5498046875,4351.464096679688,4341.33984375
9,2023-06-26,4363.548232421875,4344.83984375,4359.249252929687,4328.81982421875,4375.265883789063,4362.06005859375,4347.595205078125,4328.080078125
10,2023-06-27,4350.915380859375,4337.35986328125,4344.0570703125,4378.41015625,4375.517846679687,4384.419921875,4336.4412451171875,4335.0
11,2023-06-28,4350.47408203125,4367.47998046875,4375.9202880859375,4376.85986328125,4388.294765625,4390.35009765625,4344.752905273438,4360.22021484375
12,2023-06-29,4367.990766601562,4374.93994140625,4376.510991210937,4396.43994140625,4393.3018798828125,4398.39013671875,4355.55875,4371.97021484375
13,2023-06-30,4370.900151367188,4422.43994140625,4392.587548828125,4450.3798828125,4397.564599609374,4458.47998046875,4363.929150390624,4422.43994140625
14,2023-07-03,4406.4258398437505,4450.47998046875,4432.168994140625,4455.58984375,4440.626425781249,4456.4599609375,4402.1710839843745,4442.2900390625
15,2023-07-05,4434.288071289063,4442.0400390625,4436.825463867188,4446.81982421875,4445.0959033203135,4454.06005859375,4426.932021484375,4436.60986328125
16,2023-07-06,4429.092802734374,4422.6201171875,4437.051357421875,4411.58984375,4445.01333984375,4422.6201171875,4429.078916015625,4385.0498046875
17,2023-07-07,4420.8027734375,4404.5400390625,4413.908759765624,4398.9501953125,4426.934687500001,4440.39013671875,4385.913984375001,4397.39990234375
18,2023-07-10,4404.8998193359375,4394.22998046875,4402.989892578125,4409.52978515625,4431.799414062501,4412.60009765625,4393.668618164063,4389.919921875
19,2023-07-11,4398.708686523438,4415.5498046875,4407.492641601562,4439.259765625,4417.99529296875,4443.64013671875,4390.293427734375,4408.4599609375
20,2023-07-12,4416.0954785156255,4467.68994140625,4435.3177099609375,4472.16015625,4442.070419921874,4488.33984375,4407.738349609375,4463.22998046875
21,2023-07-13,4453.626850585938,4491.5,4459.093061523437,4510.0400390625,4473.948125,4517.3798828125,4445.539169921874,4489.35986328125
22,2023-07-14,4474.320893554687,4514.60986328125,4491.724809570313,4505.419921875,4497.13841796875,4527.759765625,4474.264194335938,4499.56005859375
23,2023-07-17,4495.493100585937,4508.85986328125,4495.70052734375,4522.7900390625,4512.510727539063,4532.85009765625,4485.13111328125,4504.89990234375
24,2023-07-18,4498.365288085936,4521.77978515625,4505.949501953125,4554.97998046875,4517.9836328125,4562.2998046875,4490.855317382813,4514.58984375
25,2023-07-19,4511.038125,4563.8701171875,4535.622485351562,4565.72021484375,4542.681650390625,4578.43017578125,4506.804877929688,4557.47998046875
26,2023-07-20,4542.1683349609375,4554.3798828125,4549.0132421875,4534.8701171875,4560.582275390625,4564.740234375,4536.078154296875,4527.56005859375
27,2023-07-21,4544.365512695312,4550.16015625,4533.547192382813,4536.33984375,4558.393247070313,4555.0,4521.082416992187,4535.7900390625
28,2023-07-24,4543.66427734375,4543.39013671875,4533.983027343749,4554.64013671875,4552.281708984375,4563.41015625,4530.39671875,4541.2900390625
29,2023-07-25,4538.6280859375,4555.18994140625,4543.422392578124,4567.4599609375,4555.940102539063,4580.6201171875,4533.530917968749,4552.419921875
30,2023-07-26,4547.255375976562,4558.9599609375,4554.70728515625,4566.75,4570.487587890624,4582.47021484375,4542.385849609375,4547.580078125
31,2023-07-27,4553.458471679688,4598.259765625,4559.495004882812,4537.41015625,4573.75515625,4607.06982421875,4542.225336914063,4528.56005859375
32,2023-07-28,4579.62283203125,4565.75,4540.3228125000005,4582.22998046875,4590.463803710938,4590.16015625,4527.027836914062,4564.009765625
33,2023-07-31,4561.887070312499,4584.81982421875,4569.288115234375,4588.9599609375,4585.7075,4594.22021484375,4555.008549804687,4573.14013671875
34,2023-08-01,4575.7395703125,4578.830078125,4582.03029296875,4576.72998046875,4587.8241796875,4584.6201171875,4564.69326171875,4567.52978515625
35,2023-08-02,4575.890625,4550.93017578125,4573.777480468751,4513.39013671875,4583.036420898438,4550.93017578125,4561.502055664063,4505.75
36,2023-08-03,4556.097011718751,4494.27001953125,4525.937294921875,4501.89013671875,4557.301728515625,4519.490234375,4518.227202148438,4485.5400390625
37,2023-08-04,4513.497612304687,4513.9599609375,4512.43419921875,4478.02978515625,4529.70126953125,4540.33984375,4498.336611328125,4474.5498046875
38,2023-08-07,4518.002260742188,4491.580078125,4492.9912890625,4518.43994140625,4540.282045898437,4519.83984375,4484.939467773437,4491.14990234375
39,2023-08-08,4500.485834960938,4498.02978515625,4521.974472656249,4499.3798828125,4528.266220703125,4503.31005859375,4494.573608398437,4464.39013671875
40,2023-08-09,4500.249150390625,4501.56982421875,4499.367309570312,4467.7099609375,4513.006137695314,4502.43994140625,4471.874565429687,4461.330078125
41,2023-08-10,4501.758857421875,4487.16015625,4474.418159179687,4468.830078125,4508.20583984375,4527.3701171875,4466.469448242187,4457.919921875
42,2023-08-11,4491.781474609375,4450.68994140625,4473.0768457031245,4464.0498046875,4522.659868164063,4476.22998046875,4464.013544921875,4443.97998046875
43,2023-08-14,4461.880561523437,4458.1298828125,4463.351958007813,4489.72021484375,4487.214301757813,4490.330078125,4449.552583007812,4453.43994140625
44,2023-08-15,4462.87720703125,4478.8701171875,4487.27333984375,4437.85986328125,4489.652143554687,4478.8701171875,4454.880957031251,4432.18994140625
45,2023-08-16,4475.991259765625,4433.7900390625,4449.083984375,4404.330078125,4482.930083007813,4449.9501953125,4438.30384765625,4403.5498046875
46,2023-08-17,4438.715219726562,4416.31982421875,4417.626826171875,4370.35986328125,4460.377646484375,4421.169921875,4413.777548828125,4364.830078125
47,2023-08-18,4425.3799658203125,4344.8798828125,4390.535498046875,4369.7099609375,4435.206284179688,4381.81982421875,4385.573530273437,4335.31005859375
48,2023-08-21,4373.221103515624,4380.27978515625,4387.628046875,4399.77001953125,4406.05849609375,4407.5498046875,4364.218120117187,4360.2998046875
49,2023-08-22,4390.505625,4415.330078125,4400.677397460937,4387.5498046875,4417.518056640625,4418.58984375,4370.89607421875,4382.77001953125
50,2023-08-23,4407.185512695312,4396.43994140625,4394.598862304687,4436.009765625,4420.098569335938,4443.18017578125,4379.651293945312,4396.43994140625
51,2023-08-24,4402.953833007812,4455.16015625,4426.611723632813,4376.31005859375,4435.8818798828115,4458.2998046875,4389.968642578126,4375.5498046875
52,2023-08-25,4438.217778320312,4389.3798828125,4387.55580078125,4405.7099609375,4452.116752929688,4418.4599609375,4379.304663085937,4356.2900390625
53,2023-08-28,4399.974213867187,4426.02978515625,4407.047153320313,4433.31005859375,4424.641860351563,4439.56005859375,4362.228608398438,4414.97998046875
54,2023-08-29,4425.333134765625,4432.75,4421.696918945312,4497.6298828125,4439.977231445312,4500.14013671875,4401.689975585938,4431.68017578125
55,2023-08-30,4432.873779296875,4500.33984375,4483.329521484375,4514.8701171875,4484.424594726563,4521.64990234375,4425.78310546875,4493.58984375
56,2023-08-31,4483.925190429687,4517.009765625,4504.577783203124,4507.66015625,4515.219755859374,4532.259765625,4474.36958984375,4507.39013671875
57,2023-09-01,4509.546928710938,4530.60009765625,4503.881606445312,4515.77001953125,4528.292158203125,4541.25,4492.571074218749,4501.35009765625
58,2023-09-05,4520.768940429687,4510.06005859375,4515.3404296875,4496.830078125,4534.835590820312,4514.2900390625,4496.409877929687,4496.009765625
59,2023-09-06,4514.474624023438,4490.35009765625,4503.0650634765625,4465.47998046875,4519.911235351563,4490.35009765625,4494.876352539063,4442.3798828125
60,2023-09-07,4495.159360351562,4434.5498046875,4476.695083007812,4451.14013671875,4497.443979492187,4457.81005859375,4455.028896484375,4430.4599609375
61,2023-09-08,4443.23576171875,4451.2998046875,4457.1333837890625,4457.490234375,4467.80154296875,4473.52978515625,4428.02455078125,4448.3798828125
62,2023-09-11,4446.9607421875,4480.97998046875,4462.380263671875,4487.4599609375,4473.949365234375,4490.77001953125,4447.211010742188,4467.89013671875
63,2023-09-12,4480.0584716796875,4473.27001953125,4492.745180664063,4461.89990234375,4496.121518554688,4487.10986328125,4462.284370117187,4456.830078125
64,2023-09-13,4479.08361328125,4462.64990234375,4464.011538085938,4467.43994140625,4486.986909179687,4479.39013671875,4457.418544921875,4453.52001953125
65,2023-09-14,4463.07533203125,4487.77978515625,4465.595166015625,4505.10009765625,4481.926884765625,4511.990234375,4453.862211914063,4478.68994140625
66,2023-09-15,4488.135649414063,4497.97998046875,4502.8475732421875,4450.31982421875,4514.885756835937,4497.97998046875,4478.527739257812,4447.2099609375
67,2023-09-18,4498.1081640625,4445.1298828125,4455.167368164062,4453.52978515625,4494.2540917968745,4466.35986328125,4450.172172851562,4442.10986328125
68,2023-09-19,4446.269296875,4445.41015625,4454.063862304687,4443.9501953125,4469.944501953125,4449.85009765625,4444.023911132813,4416.60986328125
69,2023-09-20,4445.2331738281255,4452.81005859375,4445.012397460938,4402.2001953125,4451.920654296875,4461.02978515625,4422.636904296875,4401.3798828125
70,2023-09-21,4452.21203125,4374.35986328125,4408.497329101562,4330.0,4457.0388671875,4375.7001953125,4404.651098632812,4329.169921875
71,2023-09-22,4386.481982421875,4341.740234375,4354.260024414062,4320.06005859375,4394.946513671875,4357.39990234375,4348.599018554687,4316.490234375
72,2023-09-25,4358.333115234375,4310.6201171875,4341.678354492187,4337.43994140625,4375.341420898437,4338.509765625,4334.567436523438,4302.7001953125
73,2023-09-26,4335.272666015625,4312.8798828125,4348.2540673828125,4273.52978515625,4359.578623046875,4313.009765625,4318.0110449218755,4265.97998046875
74,2023-09-27,4326.0872265625,4282.6298828125,4307.315458984375,4274.509765625,4334.352817382813,4292.06982421875,4288.0292138671875,4238.6298828125
75,2023-09-28,4302.824111328125,4269.64990234375,4293.296811523437,4299.7001953125,4315.663334960937,4317.27001953125,4268.662133789063,4264.3798828125
76,2023-09-29,4294.63951171875,4328.18017578125,4303.356787109375,4288.0498046875,4328.712275390624,4333.14990234375,4278.139418945312,4274.85986328125
77,2023-10-02,4325.165883789063,4284.52001953125,4296.329458007813,4288.39013671875,4332.061801757813,4300.580078125,4277.683002929688,4260.2099609375
78,2023-10-03,4296.31890625,4269.75,4296.128564453124,4229.4501953125,4315.850922851562,4281.14990234375,4270.683354492187,4216.4501953125
79,2023-10-04,4281.954106445312,4233.830078125,4252.434028320313,4263.75,4300.730126953124,4268.5,4235.1513085937495,4220.47998046875
80,2023-10-05,4271.5868554687495,4259.31005859375,4278.512607421875,4258.18994140625,4294.699375,4267.1298828125,4245.0555810546875,4225.91015625
81,2023-10-06,4283.083935546875,4234.7900390625,4282.979584960938,4308.5,4298.593408203125,4324.10009765625,4251.2326953125,4219.5498046875
82,2023-10-09,4261.18302734375,4289.02001953125,4309.674306640625,4335.66015625,4322.754541015625,4341.72998046875,4235.588579101563,4283.7900390625
83,2023-10-10,4312.02970703125,4339.75,4349.256210937499,4358.240234375,4351.29908203125,4385.4599609375,4300.21142578125,4339.64013671875
84,2023-10-11,4341.0283007812495,4366.58984375,4366.7579736328125,4376.9501953125,4386.471469726563,4378.64013671875,4337.359687499999,4345.33984375
85,2023-10-12,4367.461293945312,4380.93994140625,4381.637958984375,4349.60986328125,4386.225092773438,4385.85009765625,4349.569692382813,4325.43017578125
86,2023-10-13,4375.57845703125,4360.490234375,4360.101352539063,4327.77978515625,4390.2795703125,4377.10009765625,4338.5975,4311.97021484375
87,2023-10-16,4367.0162353515625,4342.3701171875,4336.074873046875,4373.6298828125,4379.385786132812,4383.330078125,4318.066254882812,4342.3701171875
88,2023-10-17,4348.429379882812,4345.22998046875,4366.5604296875,4373.2001953125,4380.148061523437,4393.56982421875,4333.955205078125,4337.5400390625
89,2023-10-18,4351.706997070312,4357.35009765625,4378.3456445312495,4314.60009765625,4384.814995117187,4364.2001953125,4333.058041992188,4303.83984375
90,2023-10-19,4355.612768554688,4321.35986328125,4325.25197265625,4278.0,4362.766923828124,4339.5400390625,4310.610927734375,4269.68994140625
91,2023-10-20,4324.501630859375,4273.85009765625,4286.492392578125,4224.16015625,4340.157407226562,4276.56005859375,4280.326879882813,4223.02978515625
92,2023-10-23,4278.217768554688,4210.39990234375,4240.14240234375,4217.0400390625,4289.852329101562,4255.83984375,4236.205048828126,4189.22021484375
93,2023-10-24,4233.409951171875,4235.7900390625,4230.98744140625,4247.68017578125,4268.929902343751,4259.3798828125,4204.838227539062,4219.43017578125
94,2023-10-25,4237.884814453125,4232.419921875,4252.26892578125,4186.77001953125,4265.611303710938,4232.419921875,4222.048022460937,4181.419921875
95,2023-10-26,4239.0277490234375,4175.990234375,4208.596435546875,4137.22998046875,4246.315629882813,4183.60009765625,4195.6568603515625,4127.89990234375
96,2023-10-27,4196.555546875,4152.93017578125,4165.563813476562,4117.3701171875,4210.312348632812,4156.7001953125,4155.963134765625,4103.77978515625
97,2023-10-30,4182.08982421875,4139.39013671875,4144.122583007813,4166.81982421875,4183.504921875,4177.47021484375,4130.120249023437,4132.93994140625
98,2023-10-31,4161.573212890625,4171.330078125,4168.222905273437,4193.7998046875,4193.489545898437,4195.5498046875,4141.502333984375,4153.1201171875
99,2023-11-01,4175.204487304688,4201.27001953125,4187.042661132812,4237.85986328125,4203.809780273437,4245.64013671875,4156.694970703125,4197.740234375
100,2023-11-02,4192.80615234375,4268.259765625,4222.5577001953125,4317.77978515625,4233.07529296875,4319.72021484375,4187.416362304687,4268.259765625
101,2023-11-03,4249.531459960937,4334.22998046875,4315.474155273438,4358.33984375,4317.933564453125,4373.6201171875,4267.147734375,4334.22998046875
102,2023-11-06,4334.1119775390625,4364.27001953125,4349.093481445313,4365.97998046875,4367.965498046875,4372.2099609375,4323.283271484374,4347.52978515625
103,2023-11-07,4358.7787109375,4366.2099609375,4361.4773828125,4378.3798828125,4372.504399414062,4386.259765625,4339.540463867187,4355.41015625
104,2023-11-08,4362.16408203125,4384.3701171875,4371.3669140625,4382.77978515625,4380.150361328124,4391.2001953125,4343.14748046875,4359.759765625
105,2023-11-09,4376.5499902343745,4391.41015625,4377.988349609375,4347.35009765625,4386.750737304687,4393.39990234375,4353.517548828125,4343.93994140625
106,2023-11-10,4380.494521484375,4364.14990234375,4353.542431640625,4415.240234375,4389.204453125,4418.02978515625,4341.995756835938,4353.33984375
107,2023-11-13,4365.921767578125,4406.66015625,4395.797646484375,4411.5498046875,4405.86736328125,4421.759765625,4349.963090820312,4393.81982421875
108,2023-11-14,4394.8994140625,4458.97021484375,4404.048383789062,4495.7001953125,4412.909335937499,4508.669921875,4376.775776367188,4458.97021484375
109,2023-11-15,4435.449775390624,4505.2998046875,4450.69271484375,4502.8798828125,4466.540522460938,4521.169921875,4428.828408203125,4495.31005859375
110,2023-11-16,4470.0782080078125,4497.080078125,4460.03484375,4508.240234375,4475.560126953125,4511.990234375,4448.08544921875,4487.830078125
111,2023-11-17,4455.2249755859375,4509.5498046875,4465.117661132812,4514.02001953125,4466.797836914063,4520.1201171875,4443.293168945313,4499.66015625
112,2023-11-20,4469.640483398438,4511.7001953125,4493.576147460937,4547.3798828125,4491.2544921875,4557.10986328125,4472.14501953125,4510.35986328125
113,2023-11-21,4490.095019531251,4538.77001953125,4508.164345703125,4538.18994140625,4525.8919287109375,4542.14013671875,4482.372431640625,4525.509765625
114,2023-11-22,4505.66091796875,4553.0400390625,4525.160161132813,4556.6201171875,4527.417485351562,4568.43017578125,4499.116552734375,4545.0498046875
115,2023-11-24,4525.9707421875,4555.83984375,4535.30916015625,4559.33984375,4537.877539062501,4560.31005859375,4519.667333984376,4552.7998046875
116,2023-11-27,4544.674106445313,4554.85986328125,4533.42140625,4550.43017578125,4540.5664648437505,4560.52001953125,4518.92802734375,4546.31982421875
117,2023-11-28,4524.221005859375,4545.5498046875,4528.341616210938,4554.89013671875,4545.617338867189,4568.14013671875,4517.0452490234375,4540.509765625
118,2023-11-29,4539.867255859375,4571.83984375,4540.361406250001,4550.580078125,4548.901513671875,4587.64013671875,4514.220419921875,4547.14990234375
119,2023-11-30,4549.0935644531255,4554.8701171875,4537.079565429688,4567.7998046875,4569.030717773438,4569.89013671875,4531.660083007813,4537.240234375
120,2023-12-01,4544.145761718751,4559.43017578125,4549.819287109375,4594.6298828125,4560.842431640624,4599.39013671875,4532.117612304687,4554.7099609375
121,2023-12-04,4553.01990234375,4564.3701171875,4571.596899414063,4569.77978515625,4577.690712890625,4572.3701171875,4543.242866210938,4546.72021484375
122,2023-12-05,4553.3457861328125,4557.25,4562.803125,4567.18017578125,4570.372207031249,4578.56005859375,4541.797114257813,4551.68017578125
123,2023-12-06,4553.222607421875,4586.22998046875,4562.466997070313,4549.33984375,4576.9794726562495,4590.740234375,4544.356127929687,4546.5
124,2023-12-07,4573.280400390625,4568.83984375,4551.18060546875,4585.58984375,4586.589990234374,4590.919921875,4543.169609375,4565.22021484375
125,2023-12-08,4561.047407226562,4576.2001953125,4570.561982421875,4604.3701171875,4584.646083984375,4609.22998046875,4556.9442578125,4574.06005859375
126,2023-12-11,4570.071918945313,4593.39013671875,4591.262646484374,4622.43994140625,4599.1655078125,4623.7099609375,4565.021474609375,4593.39013671875
127,2023-12-12,4575.641596679688,4618.2998046875,4607.047558593749,4643.7001953125,4611.472680664063,4643.93017578125,4573.522412109375,4608.08984375
128,2023-12-13,4600.832099609375,4646.2001953125,4622.6543164062505,4707.08984375,4627.210922851562,4709.68994140625,4587.011918945313,4643.22998046875
129,2023-12-14,4626.628125,4721.0400390625,4674.469999999999,4719.5498046875,4673.796577148437,4738.56982421875,4618.313471679688,4694.33984375
130,2023-12-15,4685.784833984375,4714.22998046875,4694.4817578125,4719.18994140625,4699.359790039063,4725.52978515625,4657.886293945313,4704.68994140625
131,2023-12-18,4691.230390625001,4725.580078125,4706.898227539063,4740.56005859375,4712.196840820313,4749.52001953125,4686.771831054687,4725.580078125
132,2023-12-19,4700.43095703125,4743.72021484375,4718.767822265625,4768.3701171875,4730.178481445313,4768.68994140625,4701.18353515625,4743.72021484375
133,2023-12-20,4721.178857421875,4764.72998046875,4750.087875976562,4698.35009765625,4750.900034179687,4778.009765625,4725.217836914063,4697.81982421875
134,2023-12-21,4746.3460302734375,4724.2900390625,4704.670771484375,4746.75,4764.240024414063,4748.7099609375,4694.648999023437,4708.35009765625
135,2023-12-22,4726.309365234375,4753.919921875,4729.05982421875,4754.6298828125,4745.2286376953125,4772.93994140625,4709.515864257812,4736.77001953125
136,2023-12-26,4745.35146484375,4758.85986328125,4739.33552734375,4774.75,4764.113120117188,4784.72021484375,4716.683110351562,4758.4501953125
137,2023-12-27,4749.042016601563,4773.4501953125,4763.3083984375,4781.580078125,4772.856328125,4785.39013671875,4741.342143554688,4768.89990234375
138,2023-12-28,4764.5465234375,4786.43994140625,4773.844755859375,4783.35009765625,4778.359506835938,4793.2998046875,4755.061372070312,4780.97998046875
139,2023-12-29,4776.744282226562,4782.8798828125,4774.350170898437,4769.830078125,4783.865971679687,4788.43017578125,4767.428203125,4751.990234375
140,2024-01-02,4775.896923828124,4745.2001953125,4770.141362304687,4742.830078125,4785.669096679687,4754.330078125,4753.640771484374,4722.669921875
141,2024-01-03,4751.936118164062,4725.06982421875,4748.584462890625,4704.81005859375,4761.513154296875,4729.2900390625,4731.3652734375,4699.7099609375
142,2024-01-04,4734.3885107421875,4697.419921875,4719.4015527343745,4688.68017578125,4739.57943359375,4726.77978515625,4711.193271484375,4687.52978515625
143,2024-01-05,4709.619340820313,4690.56982421875,4701.042626953124,4697.240234375,4734.816455078125,4721.490234375,4698.19375,4682.10986328125
144,2024-01-08,4701.68787109375,4703.7001953125,4702.026186523438,4763.5400390625,4728.634345703125,4764.5400390625,4690.744077148437,4699.81982421875
145,2024-01-09,4710.3683251953125,4741.93017578125,4756.79515625,4756.5,4764.913237304687,4765.47021484375,4706.623056640625,4730.35009765625
146,2024-01-10,4743.9083251953125,4759.93994140625,4758.4442138671875,4783.4501953125,4766.974340820312,4790.7998046875,4733.14046875,4756.2001953125
147,2024-01-11,4758.301879882812,4792.1298828125,4775.736240234375,4780.240234375,4784.051997070313,4798.5,4750.993056640625,4739.580078125
148,2024-01-12,4780.812939453125,4791.18017578125,4776.751787109375,4783.830078125,4791.896596679688,4802.39990234375,4741.735488281251,4768.97998046875
149,2024-01-16,4785.238305664062,4772.35009765625,4781.179194335938,4765.97998046875,4798.851508789063,4782.33984375,4763.216728515625,4747.1201171875
150,2024-01-17,4772.716591796875,4739.1298828125,4769.899321289062,4739.2099609375,4782.793598632812,4744.22998046875,4747.812402343749,4714.81982421875
151,2024-01-18,4736.731137695313,4760.10009765625,4744.250585937501,4780.93994140625,4742.97638671875,4785.7900390625,4713.058872070313,4740.56982421875
152,2024-01-19,4761.2248486328135,4796.27978515625,4777.029877929687,4839.81005859375,4784.492924804687,4842.06982421875,4742.208608398438,4785.8701171875
153,2024-01-22,4788.6545703125,4853.419921875,4816.321650390625,4850.43017578125,4823.6377783203125,4868.41015625,4774.4488916015625,4844.0498046875
154,2024-01-23,4828.969819335938,4856.7998046875,4834.429833984375,4864.60009765625,4848.290073242187,4866.47998046875,4819.450004882812,4844.3701171875
155,2024-01-24,4844.825043945313,4888.56005859375,4842.281689453125,4868.5498046875,4848.677080078125,4903.68017578125,4830.48685546875,4865.93994140625
156,2024-01-25,4867.406606445313,4886.66015625,4851.197690429687,4894.16015625,4880.053706054688,4898.14990234375,4848.001274414063,4869.33984375
157,2024-01-26,4874.577485351563,4888.91015625,4876.75919921875,4890.97021484375,4885.07244140625,4906.68994140625,4856.149897460938,4881.47021484375
158,2024-01-29,4880.477612304688,4892.9501953125,4885.132768554688,4927.93017578125,4898.006962890625,4929.31005859375,4867.355229492187,4887.39990234375
159,2024-01-30,4885.77095703125,4925.89013671875,4910.046752929688,4924.97021484375,4914.784721679688,4931.08984375,4876.469736328125,4916.27001953125
160,2024-01-31,4911.334624023437,4899.18994140625,4915.578891601564,4845.64990234375,4921.0162988281245,4906.75,4900.330610351562,4845.14990234375
161,2024-02-01,4898.745488281251,4861.10986328125,4862.6053857421875,4906.18994140625,4902.093291015625,4906.97021484375,4858.064223632812,4853.52001953125
162,2024-02-02,4870.16890625,4916.06005859375,4896.210678710938,4958.60986328125,4901.4993505859375,4975.2900390625,4855.9066015625,4907.990234375
163,2024-02-05,4903.255522460938,4957.18994140625,4929.5709228515625,4942.81005859375,4946.767143554687,4957.18994140625,4895.936059570313,4918.08984375
164,2024-02-06,4933.48755859375,4950.16015625,4932.0921484375,4954.22998046875,4945.692573242187,4957.77001953125,4897.908295898437,4934.8798828125
165,2024-02-07,4934.112998046875,4973.0498046875,4942.219594726562,4995.06005859375,4950.685805664063,4999.89013671875,4922.15962890625,4969.0498046875
166,2024-02-08,4954.890395507812,4995.16015625,4974.248740234375,4997.91015625,4979.638193359376,5000.39990234375,4947.474438476563,4987.08984375
167,2024-02-09,4976.671801757812,5004.169921875,4983.767124023438,5026.60986328125,4986.264848632813,5030.06005859375,4965.51505859375,5000.33984375
168,2024-02-12,4982.6799609375,5026.830078125,5005.642827148437,5021.83984375,5008.528139648438,5048.39013671875,4973.01626953125,5016.830078125
169,2024-02-13,5003.747958984375,4967.93994140625,4998.20560546875,4953.169921875,5023.499790039063,4971.2998046875,4997.6278125,4920.31005859375
170,2024-02-14,4971.128676757813,4976.43994140625,4960.125444335938,5000.6201171875,4979.713383789062,5002.52001953125,4930.216733398437,4956.4501953125
171,2024-02-15,4962.38435546875,5003.14013671875,4983.5561718750005,5029.72998046875,4995.478803710937,5032.72021484375,4951.350419921875,4999.43994140625
172,2024-02-16,4996.269985351562,5031.1298828125,5010.197495117188,5005.56982421875,5020.42314453125,5038.7001953125,4984.233559570312,4999.52001953125
173,2024-02-20,5016.685532226562,4989.31982421875,5003.160385742188,4975.509765625,5028.855356445313,4993.7099609375,4994.216201171876,4955.02001953125
174,2024-02-21,4992.77177734375,4963.02978515625,4984.465126953125,4981.7998046875,5000.288408203125,4983.2099609375,4959.507709960938,4946.0
175,2024-02-22,4974.370146484375,5038.830078125,4981.156645507812,5087.02978515625,4990.498085937501,5094.39013671875,4946.954409179688,5038.830078125
176,2024-02-23,5025.8947265625,5100.919921875,5059.358427734375,5088.7998046875,5071.209521484376,5111.06005859375,5019.581142578126,5081.4599609375
177,2024-02-26,5072.499248046875,5093.0,5073.996323242188,5069.52978515625,5088.220068359375,5097.66015625,5053.8152734375,5068.91015625
178,2024-02-27,5078.910092773438,5074.60009765625,5062.3153076171875,5078.18017578125,5088.819438476563,5080.68994140625,5057.228002929687,5057.2900390625
179,2024-02-28,5072.118461914062,5067.2001953125,5068.304467773438,5069.759765625,5078.504794921875,5077.3701171875,5050.355737304688,5058.35009765625
180,2024-02-29,5064.027436523437,5085.35986328125,5067.570014648437,5096.27001953125,5076.092592773438,5104.990234375,5056.577880859375,5061.89013671875
181,2024-03-01,5077.505122070313,5098.509765625,5086.022758789062,5137.080078125,5096.641977539062,5140.330078125,5061.396005859376,5094.16015625
182,2024-03-04,5087.663535156251,5130.990234375,5117.841430664063,5130.9501953125,5124.310107421876,5149.669921875,5081.0336328124995,5127.18017578125
183,2024-03-05,5114.244350585938,5110.52001953125,5121.612524414062,5078.64990234375,5131.538676757812,5114.5400390625,5108.349946289062,5056.81982421875
184,2024-03-06,5102.990849609376,5108.02978515625,5084.715644531249,5104.759765625,5117.188735351563,5127.97021484375,5065.834721679687,5092.22021484375
185,2024-03-07,5103.861962890625,5132.3798828125,5099.143334960938,5157.35986328125,5122.566264648438,5165.6201171875,5088.2206640625,5128.2099609375
186,2024-03-08,5124.069306640626,5164.4599609375,5139.526791992187,5123.68994140625,5149.510014648437,5189.259765625,5113.057817382813,5117.5
187,2024-03-11,5147.31115234375,5111.9599609375,5124.409252929688,5117.93994140625,5175.206967773437,5124.66015625,5113.863618164063,5091.14013671875
188,2024-03-12,5117.394365234375,5134.2998046875,5117.069257812499,5175.27001953125,5130.662001953125,5179.8701171875,5093.4376171875,5114.47998046875
189,2024-03-13,5126.61845703125,5173.490234375,5154.510893554688,5165.31005859375,5165.361601562499,5179.14013671875,5108.062514648437,5151.8798828125
190,2024-03-14,5156.43953125,5175.14013671875,5156.967426757813,5150.47998046875,5170.439697265625,5176.85009765625,5138.888237304687,5123.2998046875
191,2024-03-15,5166.043701171876,5123.31005859375,5150.2665820312495,5117.08984375,5174.5538720703125,5136.85986328125,5123.393168945313,5104.35009765625
192,2024-03-18,5130.226347656249,5154.77001953125,5124.406992187499,5149.419921875,5143.387421875001,5175.60009765625,5109.681953124999,5145.47021484375
193,2024-03-19,5149.936328125,5139.08984375,5148.7791357421875,5178.509765625,5172.443574218749,5180.31005859375,5138.350146484375,5131.58984375
194,2024-03-20,5142.7481054687505,5181.68994140625,5169.8293408203135,5224.6201171875,5179.037460937501,5226.18994140625,5129.8138037109375,5171.5498046875
195,2024-03-21,5172.273662109375,5253.43017578125,5201.890751953125,5241.52978515625,5210.589975585937,5261.10009765625,5158.193266601563,5240.66015625
196,2024-03-22,5221.450922851562,5242.47998046875,5218.635253906249,5234.18017578125,5240.876459960938,5246.08984375,5207.578886718749,5229.8701171875
197,2024-03-25,5226.598413085938,5219.52001953125,5222.222900390625,5218.18994140625,5233.961596679688,5229.08984375,5212.514692382812,5216.08984375
198,2024-03-26,5216.8497265625,5228.85009765625,5216.0313720703125,5203.580078125,5225.7536816406255,5235.16015625,5201.079482421876,5203.419921875
199,2024-03-27,5220.112568359375,5226.31005859375,5205.108740234376,5248.490234375,5226.946391601562,5249.259765625,5201.561816406249,5213.919921875
200,2024-03-28,5221.959760742187,5248.02978515625,5239.78166015625,5254.35009765625,5244.793945312499,5264.85009765625,5207.351625976563,5245.81982421875
201,2024-04-01,5240.877880859376,5257.97021484375,5244.9239892578125,5243.77001953125,5257.737724609375,5263.9501953125,5235.233076171875,5229.2001953125
202,2024-04-02,5249.867124023438,5204.2900390625,5236.432729492188,5205.81005859375,5255.455927734374,5208.33984375,5222.811416015626,5184.0498046875
203,2024-04-03,5213.093144531251,5194.3701171875,5209.619150390625,5211.490234375,5220.085703125001,5228.75,5193.339360351562,5194.3701171875
204,2024-04-04,5201.11689453125,5244.0498046875,5214.930375976563,5147.2099609375,5230.672192382812,5256.58984375,5196.7804589843745,5146.06005859375
205,2024-04-05,5236.457993164062,5158.9501953125,5170.274096679687,5204.33984375,5250.047993164063,5222.18017578125,5163.572543945313,5157.2099609375
206,2024-04-08,5175.3876367187495,5211.3701171875,5205.596206054687,5202.39013671875,5224.050517578125,5219.56982421875,5165.350961914062,5197.35009765625
207,2024-04-09,5208.74548828125,5217.02978515625,5207.4333984375,5209.91015625,5223.899072265625,5224.81005859375,5199.018559570312,5160.77978515625
208,2024-04-10,5215.605668945313,5167.8798828125,5208.533217773437,5160.64013671875,5224.211621093751,5178.43017578125,5161.801445312501,5138.7001953125
209,2024-04-11,5177.395332031249,5172.9501953125,5162.026381835937,5199.06005859375,5191.114697265624,5211.77978515625,5144.446323242188,5138.77001953125
210,2024-04-12,5173.055244140625,5171.509765625,5195.3408398437505,5123.41015625,5211.903354492188,5175.02978515625,5142.818212890626,5107.93994140625
211,2024-04-15,5171.784975585938,5149.669921875,5129.697797851562,5061.81982421875,5176.6434765625,5168.43017578125,5118.078271484375,5052.47021484375
212,2024-04-16,5153.53865234375,5064.58984375,5082.461772460938,5051.41015625,5169.612617187499,5079.83984375,5073.293842773438,5039.830078125
213,2024-04-17,5091.478374023437,5068.97021484375,5070.702680664062,5022.2099609375,5107.48181640625,5077.9599609375,5059.14216796875,5007.25
214,2024-04-18,5082.376811523437,5031.52001953125,5043.917065429688,5011.1201171875,5090.8290625,5056.66015625,5035.5728125,5001.89013671875
215,2024-04-19,5056.137021484375,5005.43994140625,5032.043881835937,4967.22998046875,5074.829482421876,5019.02001953125,5020.598505859375,4953.56005859375
216,2024-04-22,5026.603569335937,4987.330078125,4995.852783203125,5010.60009765625,5043.4607128906255,5038.83984375,4981.86087890625,4969.39990234375
217,2024-04-23,5010.630244140625,5028.85009765625,5017.72927734375,5070.5498046875,5049.538505859376,5076.1201171875,4987.287363281251,5027.9599609375
218,2024-04-24,5034.156259765626,5084.85986328125,5054.98556640625,5071.6298828125,5072.519267578125,5089.47998046875,5021.277192382811,5047.02001953125
219,2024-04-25,5073.348916015625,5019.8798828125,5059.391625976563,5048.419921875,5082.04328125,5057.75,5038.437919921876,4990.580078125
220,2024-04-26,5033.625512695312,5084.64990234375,5050.234643554688,5099.9599609375,5065.713593750001,5114.6201171875,5000.97275390625,5073.14013671875
221,2024-04-29,5075.573935546875,5114.1298828125,5084.631357421875,5116.169921875,5104.637568359375,5123.490234375,5064.426010742188,5088.64990234375
222,2024-04-30,5099.79841796875,5103.77978515625,5099.501044921874,5035.68994140625,5115.540961914062,5110.830078125,5081.462050781251,5035.31005859375
223,2024-05-01,5098.1875439453115,5029.02978515625,5050.674243164062,5018.39013671875,5111.050058593751,5096.1201171875,5041.987958984375,5013.4501953125
224,2024-05-02,5049.21302734375,5049.31982421875,5026.465693359374,5064.2001953125,5100.377895507813,5073.2099609375,5015.869536132812,5011.0498046875
225,2024-05-03,5054.144560546874,5122.77978515625,5060.475532226562,5127.7900390625,5080.739794921875,5139.1201171875,5013.700893554687,5101.22021484375
226,2024-05-06,5115.07130859375,5142.419921875,5116.771318359375,5180.740234375,5128.629711914063,5181.0,5091.690346679688,5142.419921875
227,2024-05-07,5137.407924804688,5187.2001953125,5166.735766601562,5187.7001953125,5159.414921874999,5200.22998046875,5128.689970703124,5178.9599609375
228,2024-05-08,5173.073906250001,5168.97998046875,5177.771860351563,5187.669921875,5184.423588867187,5191.9501953125,5162.08806640625,5165.85986328125
229,2024-05-09,5169.482802734375,5189.02978515625,5185.376293945313,5214.080078125,5186.942436523438,5215.2998046875,5163.861396484374,5180.41015625
230,2024-05-10,5180.8457617187505,5225.490234375,5203.499985351563,5222.68017578125,5209.7966796875,5239.66015625,5174.5194091796875,5209.68017578125
231,2024-05-13,5213.19083984375,5233.080078125,5214.508149414063,5221.419921875,5226.912983398437,5237.259765625,5197.6410302734375,5211.16015625
232,2024-05-14,5224.039169921874,5221.10009765625,5216.579091796874,5246.68017578125,5231.1963476562505,5250.3701171875,5201.273017578125,5217.97998046875
233,2024-05-15,5217.563798828125,5263.259765625,5231.42654296875,5308.14990234375,5243.527255859375,5311.759765625,5205.245297851562,5263.259765625
234,2024-05-16,5247.0962500000005,5310.06982421875,5278.625581054688,5297.10009765625,5287.847631835938,5325.490234375,5238.476459960938,5296.18994140625
235,2024-05-17,5284.832055664062,5303.10009765625,5277.529780273438,5303.27001953125,5304.032729492188,5305.4501953125,5272.024340820312,5283.58984375
236,2024-05-20,5286.7747412109375,5305.35009765625,5285.717739257812,5308.1298828125,5296.069321289062,5325.31982421875,5270.266689453125,5302.39990234375
237,2024-05-21,5290.779760742188,5298.68994140625,5297.415239257813,5321.41015625,5313.679418945313,5324.31982421875,5283.373110351563,5297.8701171875
238,2024-05-22,5293.000874023438,5319.27978515625,5306.386611328125,5307.009765625,5312.605688476561,5323.18017578125,5277.70306640625,5286.009765625
239,2024-05-23,5301.100249023438,5340.259765625,5304.425166015625,5267.83984375,5313.775175781251,5341.8798828125,5279.192631835937,5256.93017578125
240,2024-05-24,5319.434116210938,5281.4501953125,5266.657109375,5304.72021484375,5326.735639648437,5311.64990234375,5262.703867187501,5278.39013671875
241,2024-05-28,5282.787675781249,5315.91015625,5275.97912109375,5306.0400390625,5312.634521484375,5315.91015625,5268.762680664062,5280.89013671875
242,2024-05-29,5298.140678710936,5278.72998046875,5286.695532226562,5266.9501953125,5298.016191406249,5282.27001953125,5252.787802734375,5262.7001953125
243,2024-05-30,5284.194174804688,5259.77001953125,5254.226948242187,5235.47998046875,5279.272919921875,5260.2099609375,5243.6292333984375,5222.10009765625
244,2024-05-31,5252.902114257812,5243.2099609375,5233.903110351563,5277.509765625,5255.596293945313,5280.330078125,5205.5955810546875,5191.68017578125
245,2024-06-03,5235.720263671875,5297.14990234375,5257.8358544921875,5283.39990234375,5280.375234375001,5302.10986328125,5206.049838867188,5234.31982421875
246,2024-06-04,5278.194511718751,5278.240234375,5269.41873046875,5291.33984375,5288.244306640625,5298.7998046875,5217.48470703125,5257.6298828125
247,2024-06-05,5264.727641601562,5314.47998046875,5272.8238916015625,5354.02978515625,5269.332470703125,5354.16015625,5237.07904296875,5297.64013671875
248,2024-06-06,5296.956782226563,5357.7998046875,5321.204350585937,5352.9599609375,5321.879008789063,5362.35009765625,5279.39849609375,5335.35986328125
249,2024-06-07,5326.186049804687,5343.81005859375,5330.99654296875,5346.990234375,5342.352670898437,5375.080078125,5308.421528320313,5331.330078125
250,2024-06-10,5315.739208984375,5341.22021484375,5336.864145507812,5360.7900390625,5346.111362304688,5365.7900390625,5310.7542578124985,5331.52001953125
251,2024-06-11,5323.553027343751,5353.0,5349.962143554688,5375.31982421875,5357.4675390625,5375.9501953125,5321.232216796876,5327.25
252,2024-06-12,5336.020009765626,5409.1298828125,5358.791186523437,5421.02978515625,5366.121040039062,5447.25,5322.307802734375,5409.1298828125
253,2024-06-13,5375.215810546875,5441.93017578125,5391.6475390625,5433.740234375,5414.331435546875,5441.93017578125,5379.8999218750005,5402.509765625
254,2024-06-14,5417.464799804688,5424.080078125,5412.039130859375,5431.60009765625,5427.652929687501,5432.39013671875,5387.5355224609375,5403.75
255,2024-06-17,5414.9423632812495,5431.10986328125,5420.260664062499,5473.22998046875,5426.02501953125,5488.5,5393.116469726562,5420.39990234375
256,2024-06-18,5423.707138671875,5476.14990234375,5448.204990234374,5487.02978515625,5465.840634765625,5490.3798828125,5408.865810546875,5471.31982421875
257,2024-06-20,5459.834926757812,5499.990234375,5464.657456054687,5473.169921875,5474.8030371093755,5505.52978515625,5449.351650390625,5455.56005859375
258,2024-06-21,5479.542241210937,5466.77001953125,5464.566333007812,5464.6201171875,5492.065146484375,5478.31005859375,5447.732490234375,5452.02978515625
259,2024-06-24,5465.858232421875,5459.580078125,5461.559858398437,5447.8701171875,5471.7311181640625,5490.66015625,5449.570927734375,5447.58984375
260,2024-06-25,5460.208676757812,5460.72998046875,5449.848676757812,5469.2998046875,5483.335102539063,5472.8798828125,5444.7276611328125,5446.56005859375
261,2024-06-26,5458.719697265626,5460.7099609375,5463.6096777343755,5477.89990234375,5474.798330078125,5483.14013671875,5444.108896484375,5451.8701171875
262,2024-06-27,5459.883178710937,5473.58984375,5470.079428710937,5482.8701171875,5476.2944921875,5490.81005859375,5447.661547851561,5467.5400390625
263,2024-06-28,5466.854790039062,5488.47998046875,5475.988251953125,5460.47998046875,5484.041538085938,5523.64013671875,5456.617021484375,5451.1201171875
264,2024-07-01,5478.391489257812,5471.080078125,5462.324790039063,5475.08984375,5507.672197265625,5479.5498046875,5445.934272460938,5446.52978515625
265,2024-07-02,5466.764340820312,5461.83984375,5468.980991210937,5509.009765625,5478.403681640624,5509.68994140625,5448.909252929688,5458.43017578125
266,2024-07-03,5458.5908984375,5507.43994140625,5486.8986621093745,5537.02001953125,5497.320375976563,5539.27001953125,5451.834707031249,5507.419921875
267,2024-07-05,5492.266152343751,5537.91015625,5517.280083007812,5567.18994140625,5520.283002929687,5570.330078125,5486.734360351562,5531.6298828125
268,2024-07-08,5521.662402343751,5572.75,5544.980927734375,5572.85009765625,5549.116547851562,5583.10986328125,5511.88720703125,5562.509765625
269,2024-07-09,5549.45642578125,5584.240234375,5552.3934375,5576.97998046875,5567.866621093749,5590.75,5538.992114257812,5574.56982421875
270,2024-07-10,5562.096279296875,5591.259765625,5568.232490234375,5633.91015625,5579.7660937499995,5635.39013671875,5558.577236328126,5586.43994140625
271,2024-07-11,5579.326889648437,5635.2099609375,5609.1451025390625,5584.5400390625,5614.81068359375,5642.4501953125,5569.52921875,5576.52978515625
272,2024-07-12,5609.445893554687,5590.759765625,5586.186044921876,5615.35009765625,5626.974643554688,5655.56005859375,5570.817514648437,5590.43994140625
273,2024-07-15,5585.945146484375,5638.16015625,5596.604169921875,5631.22021484375,5641.282680664062,5666.93994140625,5573.113520507813,5614.75
274,2024-07-16,5614.0019921875,5644.08984375,5614.155854492187,5667.2001953125,5648.041284179688,5669.669921875,5596.878662109375,5639.02001953125
275,2024-07-17,5631.732216796875,5610.06982421875,5649.857875976562,5588.27001953125,5658.568159179687,5622.490234375,5619.228784179687,5584.81005859375
276,2024-07-18,5613.370776367187,5608.56005859375,5598.877158203126,5544.58984375,5630.9956640625005,5614.0498046875,5590.195620117187,5522.81005859375
277,2024-07-19,5609.881811523437,5543.3701171875,5566.623525390625,5505.0,5617.022006835937,5557.5,5542.502817382812,5497.0400390625
278,2024-07-22,5564.617373046875,5544.5400390625,5526.073896484375,5564.41015625,5575.2591943359375,5570.35986328125,5514.977124023438,5529.0400390625
279,2024-07-23,5555.644033203124,5565.2998046875,5573.018813476562,5555.740234375,5580.045297851562,5585.33984375,5539.508017578124,5550.89990234375
280,2024-07-24,5568.006875,5505.83984375,5565.703286132812,5427.1298828125,5583.143676757812,5508.0400390625,5552.0312304687495,5419.97998046875
281,2024-07-25,5523.4663916015625,5428.7001953125,5451.352724609375,5399.22021484375,5529.6658984375,5491.58984375,5447.732983398438,5390.9501953125
282,2024-07-26,5454.538017578126,5433.669921875,5419.092133789063,5459.10009765625,5499.865297851563,5488.31982421875,5409.3547265625,5430.7001953125
283,2024-07-29,5445.252348632813,5476.5498046875,5463.302954101562,5463.5400390625,5494.7890625,5487.740234375,5432.175434570312,5444.43994140625
284,2024-07-30,5474.665253906251,5478.72998046875,5465.73443359375,5436.43994140625,5490.324233398437,5489.4599609375,5444.56359375,5401.7001953125
285,2024-07-31,5475.516767578125,5505.58984375,5438.648178710938,5522.2998046875,5490.986059570312,5551.509765625,5412.18513671875,5493.75
286,2024-08-01,5497.999599609375,5537.83984375,5514.314873046875,5446.68017578125,5543.441435546875,5566.16015625,5486.093715820312,5410.419921875
287,2024-08-02,5542.3802880859375,5376.6298828125,5456.360620117187,5346.56005859375,5563.873994140625,5383.89013671875,5435.713159179688,5302.02978515625
288,2024-08-05,5405.089111328126,5151.14013671875,5376.865161132813,5186.330078125,5417.970893554688,5250.89013671875,5341.312880859375,5119.259765625
289,2024-08-06,5243.355268554687,5206.419921875,5261.679868164062,5240.02978515625,5318.086206054688,5312.33984375,5202.98552734375,5193.56005859375
290,2024-08-07,5249.445053710938,5293.1298828125,5261.993168945312,5199.5,5332.2090234375,5330.64013671875,5221.848203125,5195.5400390625
291,2024-08-08,5288.093715820312,5252.56982421875,5226.941591796875,5319.31005859375,5338.84599609375,5328.02978515625,5212.08080078125,5233.85009765625
292,2024-08-09,5271.0634570312495,5314.66015625,5308.495336914062,5344.16015625,5331.611264648437,5358.669921875,5248.776557617188,5300.83984375
293,2024-08-12,5317.426279296875,5351.8798828125,5337.136508789064,5344.39013671875,5364.1363525390625,5371.2001953125,5285.719580078126,5324.3701171875
294,2024-08-13,5347.9676123046875,5376.97998046875,5335.038315429687,5434.43017578125,5370.380537109375,5436.5,5314.946752929687,5376.97998046875
295,2024-08-14,5369.838168945313,5442.35986328125,5407.648134765625,5455.2099609375,5416.312109375,5463.22021484375,5372.230693359375,5415.91015625
296,2024-08-15,5418.129990234375,5501.1298828125,5453.467998046875,5543.22021484375,5453.0410546875,5546.22998046875,5406.80390625,5501.1298828125
297,2024-08-16,5484.648994140625,5530.5,5520.601342773438,5554.25,5529.161303710938,5561.97998046875,5483.747534179687,5525.169921875
298,2024-08-19,5524.963486328125,5557.22998046875,5544.71623046875,5608.25,5551.1911816406255,5608.2998046875,5519.884736328125,5550.740234375
299,2024-08-20,5535.092563476562,5602.8798828125,5585.92392578125,5597.1201171875,5572.985068359375,5620.509765625,5539.355639648438,5585.5
300,2024-08-21,5587.897294921875,5603.08984375,5593.8806982421875,5620.85009765625,5606.8254296875,5632.68017578125,5573.251806640625,5591.56982421875
301,2024-08-22,5600.649770507813,5637.77001953125,5614.18939453125,5570.64013671875,5621.581494140624,5643.22021484375,5582.185278320312,5560.9501953125
302,2024-08-23,5624.72587890625,5602.490234375,5575.671000976563,5634.60986328125,5631.757124023437,5641.81982421875,5560.544819335938,5585.16015625
303,2024-08-26,5597.153935546875,5639.66015625,5619.659331054687,5616.83984375,5637.51677734375,5651.6201171875,5578.349409179687,5602.33984375
304,2024-08-27,5628.656904296875,5602.89013671875,5614.351118164063,5625.7998046875,5642.45515625,5631.18017578125,5592.374721679688,5593.47998046875
305,2024-08-28,5602.385009765626,5624.509765625,5616.010268554686,5592.18017578125,5629.202617187501,5627.02978515625,5588.948989257812,5560.9501953125
306,2024-08-29,5619.839267578124,5607.2998046875,5588.8145117187505,5591.9599609375,5624.11115234375,5646.9501953125,5562.944233398436,5583.7099609375
307,2024-08-30,5601.767963867188,5612.740234375,5595.993579101563,5648.39990234375,5635.087612304688,5651.3701171875,5579.398486328124,5581.7900390625
308,2024-09-03,5601.73173828125,5623.89013671875,5628.956245117188,5528.93017578125,5643.275200195312,5623.89013671875,5571.451933593751,5504.330078125
309,2024-09-04,5609.838881835937,5506.68017578125,5546.771123046874,5520.06982421875,5614.036083984375,5552.990234375,5511.7262597656245,5503.66015625
310,2024-09-05,5523.497797851562,5520.080078125,5522.3514013671875,5503.41015625,5566.658764648438,5546.2998046875,5502.045517578124,5480.5400390625
311,2024-09-06,5520.701953125,5507.330078125,5511.284384765625,5408.419921875,5549.5956640625,5522.47021484375,5485.4395361328125,5402.6201171875
312,2024-09-09,5509.415649414062,5442.06982421875,5427.095473632813,5471.0498046875,5527.928530273437,5484.2001953125,5411.494106445313,5434.490234375
313,2024-09-10,5456.316577148438,5490.509765625,5459.3457617187505,5495.52001953125,5479.9370556640615,5497.91015625,5431.663671875,5441.72021484375
314,2024-09-11,5484.377138671875,5496.419921875,5487.386293945313,5554.1298828125,5496.206606445312,5560.41015625,5440.469477539062,5406.9599609375
315,2024-09-12,5491.808125,5557.47998046875,5532.65623046875,5595.759765625,5549.4476171875,5600.7099609375,5423.587885742188,5535.5
316,2024-09-13,5545.96947265625,5603.33984375,5582.9931201171885,5626.02001953125,5583.218500976563,5636.27001953125,5519.45240234375,5601.64990234375
317,2024-09-16,5580.328403320313,5615.2099609375,5605.304599609375,5633.08984375,5619.696313476562,5636.0498046875,5560.169438476562,5604.52978515625
318,2024-09-17,5572.156171874999,5655.509765625,5616.9645800781245,5634.580078125,5614.495385742188,5670.81005859375,5580.254160156251,5614.0498046875
319,2024-09-18,5621.800537109375,5641.68017578125,5629.420537109375,5618.259765625,5649.942641601562,5689.75,5592.715551757812,5615.080078125
320,2024-09-19,5640.8934765625,5702.6298828125,5619.098720703125,5713.64013671875,5671.9091015625,5733.56982421875,5609.528212890626,5686.419921875
321,2024-09-20,5677.978627929688,5709.64013671875,5684.532778320312,5702.5498046875,5709.55419921875,5715.14013671875,5657.321909179687,5674.490234375
322,2024-09-23,5694.772280273437,5711.89990234375,5689.247070312501,5718.56982421875,5705.108579101563,5725.35986328125,5657.395942382812,5704.22021484375
323,2024-09-24,5702.279052734375,5727.66015625,5705.948349609374,5732.93017578125,5713.501127929687,5735.31982421875,5685.157749023438,5698.990234375
324,2024-09-25,5713.271884765625,5733.64990234375,5715.82888671875,5722.259765625,5724.003281249999,5741.02978515625,5681.664282226563,5712.06005859375
325,2024-09-26,5727.154262695312,5762.22021484375,5711.36455078125,5745.3701171875,5733.745327148436,5767.3701171875,5695.209677734375,5721.009765625
326,2024-09-27,5746.8965429687505,5755.35986328125,5734.923662109375,5738.169921875,5754.56943359375,5763.77978515625,5709.294570312501,5727.33984375
327,2024-09-30,5747.555341796875,5726.52001953125,5733.113447265626,5762.47998046875,5753.7028515625,5765.14013671875,5718.514790039062,5703.52978515625
328,2024-10-01,5726.287412109375,5757.72998046875,5748.50017578125,5708.75,5753.213369140625,5757.72998046875,5706.630244140625,5681.27978515625
329,2024-10-02,5744.837993164062,5698.14013671875,5714.63369140625,5709.5400390625,5739.5823828125,5719.6298828125,5683.282241210937,5674.0
330,2024-10-03,5704.800791015626,5698.18994140625,5705.357402343751,5699.93994140625,5721.627329101562,5718.77978515625,5663.614775390625,5677.3701171875
331,2024-10-04,5690.180356445313,5737.47998046875,5692.755551757814,5751.06982421875,5707.34794921875,5753.2099609375,5672.493754882812,5702.830078125
332,2024-10-07,5722.866479492188,5737.7998046875,5733.104770507813,5695.93994140625,5726.082866210937,5739.33984375,5687.558652343749,5686.85009765625
333,2024-10-08,5718.7045703124995,5719.14013671875,5697.150444335938,5751.1298828125,5730.473374023437,5757.60009765625,5665.308071289063,5714.56005859375
334,2024-10-09,5711.116782226563,5751.7998046875,5736.033510742188,5792.0400390625,5746.9124365234375,5796.7998046875,5698.921748046875,5745.02001953125
335,2024-10-10,5735.066767578125,5778.35986328125,5765.817705078124,5780.0498046875,5769.177275390625,5795.02978515625,5728.8146142578125,5764.759765625
336,2024-10-11,5763.281479492187,5775.08984375,5762.581254882813,5815.02978515625,5782.293828124999,5822.1298828125,5739.71833984375,5775.08984375
337,2024-10-14,5765.072275390625,5829.81005859375,5796.7242431640625,5859.85009765625,5808.498076171875,5871.41015625,5757.367670898438,5829.56982421875
338,2024-10-15,5802.845708007813,5866.740234375,5833.697719726563,5815.259765625,5840.058774414062,5870.35986328125,5798.997651367187,5804.47998046875
339,2024-10-16,5838.482143554688,5816.580078125,5809.360034179687,5842.47021484375,5854.430302734375,5846.52001953125,5791.408447265625,5808.33984375
340,2024-10-17,5819.073671875,5875.6201171875,5832.304018554687,5841.47021484375,5837.902797851562,5878.4599609375,5799.717573242187,5840.25
341,2024-10-18,5850.48869140625,5859.43017578125,5832.5994482421875,5864.669921875,5858.527656249999,5872.169921875,5819.943076171875,5846.10986328125
342,2024-10-21,5849.298940429688,5857.81982421875,5848.579067382812,5853.97998046875,5864.322036132813,5866.919921875,5827.682382812501,5824.7900390625
343,2024-10-22,5853.635322265625,5832.7001953125,5846.824697265625,5851.2001953125,5860.189423828125,5863.0400390625,5816.484794921875,5821.169921875
344,2024-10-23,5830.568935546876,5834.5,5848.391840820312,5797.419921875,5859.973803710937,5834.85009765625,5817.318520507812,5762.41015625
345,2024-10-24,5835.170712890625,5817.7998046875,5810.7780566406245,5809.85986328125,5841.067451171874,5817.7998046875,5778.642177734376,5784.919921875
346,2024-10-25,5819.593090820314,5826.75,5816.001210937499,5808.1201171875,5826.8668603515625,5862.81982421875,5786.6050390625,5799.97998046875
347,2024-10-28,5830.319799804688,5833.93017578125,5812.362177734374,5823.52001953125,5855.335659179687,5842.919921875,5799.617568359375,5823.080078125
348,2024-10-29,5831.72361328125,5819.68017578125,5822.042314453124,5832.919921875,5845.3465234375,5847.18994140625,5815.186723632813,5802.169921875
349,2024-10-30,5823.819526367187,5832.64990234375,5832.365751953126,5813.669921875,5847.879838867188,5850.93994140625,5803.975737304687,5811.27978515625
350,2024-10-31,5833.458647460937,5775.33984375,5816.214838867187,5705.4501953125,5849.0475390625,5775.33984375,5811.4990429687505,5702.85986328125
351,2024-11-01,5790.1125048828135,5723.22021484375,5735.602910156249,5728.7998046875,5795.535283203126,5772.52001953125,5729.451186523437,5723.22021484375
352,2024-11-04,5740.544438476562,5725.14990234375,5735.503369140625,5712.68994140625,5776.627373046875,5741.43017578125,5726.9611230468745,5696.509765625
353,2024-11-05,5729.650253906249,5722.43017578125,5717.412387695313,5782.759765625,5750.570385742188,5783.43994140625,5704.886225585937,5722.10009765625
354,2024-11-06,5725.502924804688,5864.89013671875,5776.485805664062,5929.0400390625,5781.456142578125,5936.14013671875,5722.44666015625,5864.89013671875
355,2024-11-07,5845.007802734375,5947.2099609375,5898.3936328125,5973.10009765625,5905.4132714843745,5983.83984375,5843.976059570312,5947.2099609375
356,2024-11-08,5916.626611328124,5976.759765625,5943.180068359375,5995.5400390625,5956.117504882813,6012.4501953125,5909.796079101562,5976.759765625
357,2024-11-11,5950.436357421874,6008.85986328125,5971.860551757812,6001.35009765625,5982.725317382812,6017.31005859375,5942.926743164063,5986.68994140625
358,2024-11-12,5983.6957812499995,6003.60009765625,5978.37818359375,5983.990234375,5992.103837890624,6009.919921875,5963.3886328125,5960.080078125
359,2024-11-13,5983.1655468750005,5985.75,5975.488676757812,5985.3798828125,5992.245473632813,6008.18994140625,5953.850024414062,5965.91015625
360,2024-11-14,5978.94869140625,5989.68017578125,5976.639956054687,5949.169921875,6001.2163671875,5993.8798828125,5958.088701171876,5942.27978515625
361,2024-11-15,5980.727807617188,5912.7900390625,5953.3020703125,5870.6201171875,5993.201210937499,5915.31982421875,5938.728369140626,5853.009765625
362,2024-11-18,5929.878940429688,5874.169921875,5885.894682617189,5893.6201171875,5928.482373046875,5908.1201171875,5879.215620117188,5865.9501953125
363,2024-11-19,5893.023950195312,5870.0498046875,5891.488100585938,5916.97998046875,5912.223833007813,5923.509765625,5865.033403320313,5855.2900390625
364,2024-11-20,5879.038569335938,5914.33984375,5921.676201171876,5917.10986328125,5928.290434570312,5920.669921875,5864.322724609375,5860.56005859375
365,2024-11-21,5914.413188476562,5940.580078125,5920.936513671875,5948.7099609375,5931.012626953126,5963.31982421875,5870.958452148437,5887.259765625
366,2024-11-22,5939.4184374999995,5944.35986328125,5945.755673828125,5969.33984375,5960.567045898438,5972.89990234375,5890.014448242187,5944.35986328125
367,2024-11-25,5942.0360107421875,5992.27978515625,5954.607280273439,5987.3701171875,5962.617700195312,6020.75,5930.65328125,5963.91015625
368,2024-11-26,5973.795244140625,6000.02978515625,5959.684072265625,6021.6298828125,5991.449780273437,6025.419921875,5950.728071289062,5992.27001953125
369,2024-11-27,5973.240341796874,6014.10986328125,5997.823735351563,5998.740234375,6004.6839453125,6020.16015625,5976.240019531251,5984.8701171875
370,2024-11-29,5997.630483398438,6003.97998046875,5983.509941406251,6032.3798828125,5996.3612890625,6044.169921875,5971.726088867187,6003.97998046875
371,2024-12-02,5993.839853515625,6040.10986328125,6005.601044921875,6047.14990234375,6005.5234375,6053.580078125,5990.537890625,6035.330078125
372,2024-12-03,6019.190483398438,6042.97021484375,6022.138930664062,6049.8798828125,6026.436450195312,6052.06982421875,6015.26794921875,6033.39013671875
373,2024-12-04,6028.638818359374,6069.39013671875,6034.9587988281255,6086.490234375,6032.639189453124,6089.83984375,6019.856406250001,6061.06005859375
374,2024-12-05,6050.300795898437,6089.02978515625,6068.667138671875,6075.10986328125,6070.519184570312,6094.5498046875,6040.254750976563,6072.89990234375
375,2024-12-06,6071.932373046875,6081.3798828125,6061.407924804687,6090.27001953125,6080.668442382813,6099.97021484375,6054.855258789062,6079.97998046875
376,2024-12-09,6066.0223046875,6083.009765625,6073.032021484375,6052.85009765625,6083.833320312499,6088.509765625,6060.135278320312,6048.6298828125
377,2024-12-10,6076.597119140625,6057.58984375,6045.181962890625,6034.91015625,6082.4578515625,6065.39990234375,6048.200927734374,6029.89013671875
378,2024-12-11,6059.6108593750005,6060.14990234375,6031.13759765625,6084.18994140625,6064.79162109375,6092.58984375,6031.267470703126,6060.14990234375
379,2024-12-12,6056.084702148437,6074.2900390625,6067.723974609376,6051.25,6080.324057617187,6079.68017578125,6051.806333007813,6051.25
380,2024-12-13,6064.976601562499,6068.169921875,6046.682592773438,6051.08984375,6074.586899414063,6078.580078125,6051.165395507814,6035.77001953125
381,2024-12-16,6067.629140624999,6063.7900390625,6048.959101562501,6074.080078125,6076.872338867187,6085.18994140625,6040.934711914063,6059.14013671875
382,2024-12-17,6064.937729492187,6052.5498046875,6070.523139648438,6050.60986328125,6081.922460937499,6057.68017578125,6056.6096875,6035.18994140625
383,2024-12-18,6057.100048828125,6047.64990234375,6051.595600585937,5872.16015625,6064.607309570313,6070.669921875,6037.395776367187,5867.7900390625
384,2024-12-19,6046.573413085937,5912.7099609375,5918.7235107421875,5867.080078125,6060.971953125,5935.52001953125,5904.798520507812,5866.06982421875
385,2024-12-20,5940.82625,5842.0,5881.570576171875,5930.85009765625,5956.291293945313,5982.06005859375,5878.677583007812,5832.2998046875
386,2024-12-23,5867.947880859375,5940.25,5921.379677734375,5974.06982421875,5975.328525390625,5978.25,5848.957543945313,5902.56982421875
387,2024-12-24,5928.886088867188,5984.6298828125,5960.014599609374,6040.0400390625,5977.549892578125,6040.10009765625,5908.5114453125,5981.43994140625
388,2024-12-26,5990.735400390625,6024.97021484375,6032.64001953125,6037.58984375,6036.017768554688,6049.75,5989.770478515625,6007.3701171875
389,2024-12-27,6024.861918945312,6006.169921875,6036.690200195312,5970.83984375,6049.748715820313,6006.169921875,6007.882392578124,5932.9501953125
390,2024-12-30,6011.253247070312,5920.669921875,5960.286591796875,5906.93994140625,6010.241040039062,5940.7900390625,5929.7346142578135,5869.16015625
391,2024-12-31,5922.6829296875,5919.740234375,5907.918969726563,5881.6298828125,5949.459721679687,5929.740234375,5870.6377734375,5868.85986328125
392,2025-01-02,5916.343442382812,5903.259765625,5890.53642578125,5868.5498046875,5934.2047509765625,5935.08984375,5874.2126953125,5829.52978515625
393,2025-01-03,5905.242236328125,5891.06982421875,5883.955458984376,5942.47021484375,5940.01701171875,5949.33984375,5844.726552734375,5888.66015625
394,2025-01-06,5896.04814453125,5982.81005859375,5939.641010742187,5975.3798828125,5950.801899414062,6021.0400390625,5888.455380859375,5960.009765625
395,2025-01-07,5976.227807617188,5993.259765625,5972.182612304688,5909.02978515625,6019.6915283203125,6000.68017578125,5949.046450195312,5890.68017578125
396,2025-01-08,5986.308823242187,5910.66015625,5912.679350585938,5918.25,5999.044018554688,5927.89013671875,5895.624121093751,5874.77978515625
397,2025-01-10,5912.0366796875,5890.35009765625,5915.831586914062,5827.0400390625,5938.116704101562,5890.35009765625,5884.452373046875,5807.77978515625
398,2025-01-13,5896.996079101563,5782.02001953125,5851.825219726563,5836.22021484375,5915.667172851563,5838.60986328125,5830.504428710937,5773.31005859375
399,2025-01-14,5822.7993994140625,5859.27001953125,5853.756933593751,5842.91015625,5871.667226562499,5871.919921875,5799.564399414063,5805.419921875
400,2025-01-15,5862.598725585938,5905.2099609375,5852.4086083984375,5949.91015625,5880.1090478515625,5960.60986328125,5807.469936523437,5905.2099609375
401,2025-01-16,5893.3777734375,5963.60986328125,5944.559609375,5937.33984375,5946.633603515625,5964.68994140625,5884.039067382812,5930.72021484375
402,2025-01-17,5956.57458984375,5995.39990234375,5941.560805664063,5996.66015625,5970.530166015625,6014.9599609375,5923.430629882812,5978.43994140625
403,2025-01-21,5998.454013671874,6014.1201171875,6000.302890625,6049.240234375,6013.397792968751,6051.509765625,5979.833564453124,6006.8798828125
404,2025-01-22,6011.701157226563,6081.39013671875,6033.96416015625,6086.3701171875,6048.00154296875,6100.81005859375,6005.0572119140625,6076.1298828125
405,2025-01-23,6064.542080078125,6076.31982421875,6070.5948046875,6118.7099609375,6088.49123046875,6118.72998046875,6054.912622070313,6074.669921875
406,2025-01-24,6071.551196289063,6121.43017578125,6098.058793945312,6101.240234375,6106.724584960938,6128.18017578125,6064.9843359375,6088.740234375
407,2025-01-27,6098.266904296875,5969.0400390625,6092.063554687499,6012.27978515625,6114.424907226563,6017.169921875,6074.718740234374,5962.919921875
408,2025-01-28,5990.119721679688,6026.97021484375,6013.858071289062,6067.7001953125,6016.552465820313,6074.5400390625,5983.273745117187,5994.6298828125
409,2025-01-29,6035.123041992187,6057.7001953125,6056.8022265624995,6039.31005859375,6073.539331054688,6062.830078125,6005.081220703126,6012.9599609375
410,2025-01-30,6051.031953125,6050.75,6039.488852539063,6071.169921875,6059.2847509765625,6086.64013671875,6015.6426611328125,6027.4599609375
411,2025-01-31,6053.91501953125,6096.7900390625,6068.593564453125,6040.52978515625,6080.250092773438,6120.91015625,6026.415952148437,6030.93017578125
412,2025-02-03,6082.509731445312,5969.64990234375,6048.12015625,5994.56982421875,6105.045219726562,6022.1298828125,6032.814711914063,5923.93017578125
413,2025-02-04,5970.477729492188,5998.14013671875,5996.862075195312,6037.8798828125,6022.158217773437,6042.47998046875,5939.705024414062,5990.8701171875
414,2025-02-05,6003.758110351562,6020.4501953125,6034.026108398438,6061.47998046875,6047.273383789062,6062.85986328125,5997.329184570313,6007.06005859375
415,2025-02-06,6026.008164062499,6072.22021484375,6058.474389648437,6083.56982421875,6062.795209960937,6084.02978515625,6005.288442382813,6046.830078125
416,2025-02-07,6071.822387695313,6083.1298828125,6077.9080859375,6025.990234375,6085.7205859375,6101.27978515625,6036.645146484376,6019.9599609375
417,2025-02-10,6072.068759765626,6046.39990234375,6033.665034179687,6066.43994140625,6098.180668945312,6073.3798828125,6021.741586914062,6044.83984375
418,2025-02-11,6054.0770654296875,6049.31982421875,6070.793354492187,6068.5,6074.743413085937,6076.27978515625,6042.97431640625,6042.33984375
419,2025-02-12,6052.7058984375,6025.080078125,6069.701791992187,6051.97021484375,6079.9032373046875,6063.0,6042.928295898437,6003.0
420,2025-02-13,6028.47126953125,6060.58984375,6051.635454101562,6115.06982421875,6066.698071289062,6116.91015625,6004.253491210938,6050.9501953125
421,2025-02-14,6060.657104492187,6115.52001953125,6100.314594726563,6114.6298828125,6102.935996093749,6127.47021484375,6050.425229492188,6107.6201171875
422,2025-02-18,6099.966518554687,6121.60009765625,6102.287729492187,6129.580078125,6117.773852539063,6129.6298828125,6087.4840869140635,6099.509765625
423,2025-02-19,6106.563481445312,6117.759765625,6110.9000390625,6144.14990234375,6120.535537109376,6147.43017578125,6083.846762695313,6111.14990234375
424,2025-02-20,6113.127065429687,6134.5,6125.845634765626,6117.52001953125,6131.634042968751,6134.5,6094.162612304688,6084.58984375
425,2025-02-21,6120.909086914062,6114.10009765625,6093.933295898437,6013.1298828125,6120.720512695311,6114.81982421875,6076.086284179687,6008.56005859375
426,2025-02-24,6090.778569335938,6026.68994140625,6007.133330078124,5983.25,6101.9794921875,6043.64990234375,6005.560522460938,5977.830078125
427,2025-02-25,6009.379370117187,5982.72998046875,5985.275488281251,5955.25,6043.2764257812505,5992.64990234375,5969.99064453125,5908.490234375
428,2025-02-26,5973.7584765625,5970.8701171875,5958.976206054687,5956.06005859375,5996.32810546875,6009.81982421875,5924.045478515625,5932.68994140625
429,2025-02-27,5967.576171875001,5981.8798828125,5959.791030273438,5861.56982421875,6005.9015527343745,5993.68994140625,5929.447397460937,5858.77978515625
430,2025-02-28,5974.847919921875,5856.740234375,5899.649272460938,5954.5,5998.321020507812,5959.39990234375,5885.897065429688,5837.66015625
431,2025-03-03,5897.8609619140625,5968.330078125,5955.622480468751,5849.72021484375,5972.809609375,5986.08984375,5865.662001953126,5810.91015625
432,2025-03-04,5962.151274414062,5811.97998046875,5882.282124023437,5778.14990234375,5989.278266601562,5865.080078125,5840.7454199218755,5732.58984375
433,2025-03-05,5852.364521484375,5781.35986328125,5829.90603515625,5842.6298828125,5907.396616210938,5860.58984375,5790.198510742188,5742.35009765625
434,2025-03-06,5827.757216796875,5785.8701171875,5853.46322265625,5738.52001953125,5891.282778320312,5812.080078125,5779.909174804688,5711.64013671875
435,2025-03-07,5822.5470605468745,5726.009765625,5777.89568359375,5770.2001953125,5852.434223632812,5783.009765625,5748.704682617188,5666.2900390625
436,2025-03-10,5762.68326171875,5705.3701171875,5795.130122070313,5614.56005859375,5822.938828125,5705.3701171875,5706.304150390626,5564.02001953125
437,2025-03-11,5745.018383789063,5603.64990234375,5682.210849609375,5572.06982421875,5756.797846679688,5636.2998046875,5621.691132812501,5528.41015625
